Blocks-Create Design Option,,,
Date,User,Version,Design Option
2018-11-01_11:53:01.73,wanrsqjwdptgkljcpwqu,2.1.0,181101_OPTION_37
2018-11-01_11:54:05.42,wanrsqjwdptgkljcpwqu,2.1.0,181101_OPTION_38
2018-11-01_11:56:58.9,wanrsqjwdptgkljcpwqu,2.1.0,,Failed
2018-11-01_12:02:08.14,wanrsqjwdptgkljcpwqu,2.1.0,,Failed
2018-11-01_15:21:10.91,wanrsqjwdptgkljcpwqu,2.1.0,181101_OPTION_21
2018-11-01_15:28:04.38,wanrsqjwdptgkljcpwqu,2.1.0,181101_OPTION_01
2018-11-01_15:30:28.66,wanrsqjwdptgkljcpwqu,2.1.0,181101_OPTION_08
2018-11-01_16:48:01.96,wanrsqjwdptgkljcpwqu,2.1.0,181101_OPTION_01
2018-11-01_16:51:27.8,wanrsqjwdptgkljcpwqu,2.1.0,181101_OPTION_04
2018-11-01_16:53:47.34,wanrsqjwdptgkljcpwqu,2.1.0,181101_OPTION_02
2018-11-02,09:44:29,wanrsqjwdptgkljcpwqu,2.1.0,181102_OPTION_01
2018-11-02,15:38:14,wanrsqjwdptgkljcpwqu,2.1.0,181102_OPTION_01
2018-11-02,15:52:18,wanrsqjwdptgkljcpwqu,2.1.0,181102_OPTION_01
